{
  "controlled_wall": {
    "wifi_only": {
      "ate": 0.0805194920315599,
      "rpe": 0.011682911614217183,
      "chamfer": 6.133073944847441,
      "map_accuracy": 2.039850337193803,
      "map_completeness": 10.226297552501078,
      "iou": 0.0
    },
    "lidar_only_A_geometric": {
      "ate": 0.10199684372641235,
      "rpe": 0.029545293729550046,
      "chamfer": 0.2090280613830892,
      "map_accuracy": 0.2497787641100549,
      "map_completeness": 0.16827735865612348,
      "iou": 0.9767441860465116
    },
    "fused_tight_A_geometric": {
      "ate": 0.06512214114252039,
      "rpe": 0.009811879885721285,
      "chamfer": 0.24265298613877667,
      "map_accuracy": 0.3259229341686252,
      "map_completeness": 0.1593830381089281,
      "iou": 0.9130434782608695
    },
    "fused_loose_A_geometric": {
      "ate": 0.05625828173560029,
      "rpe": 0.015459096110756586,
      "chamfer": 0.2492543888681172,
      "map_accuracy": 0.33023141908011094,
      "map_completeness": 0.16827735865612348,
      "iou": 0.9333333333333333
    },
    "lidar_only_B_sionna": {
      "ate": 0.21231165704546692,
      "rpe": 0.051680589601842714,
      "chamfer": 0.19889037118388053,
      "map_accuracy": 0.261518014608783,
      "map_completeness": 0.13626272775897807,
      "iou": 1.0
    },
    "fused_tight_B_sionna": {
      "ate": 0.04415414405655129,
      "rpe": 0.011430840458620741,
      "chamfer": 0.23869819691343366,
      "map_accuracy": 0.3411336660679,
      "map_completeness": 0.1362627277589673,
      "iou": 0.9130434782608695
    },
    "fused_loose_B_sionna": {
      "ate": 0.08592576635089463,
      "rpe": 0.025729232577564244,
      "chamfer": 0.23840886724132543,
      "map_accuracy": 0.3405550067236728,
      "map_completeness": 0.13626272775897807,
      "iou": 0.9347826086956522
    }
  },
  "street_canyon": {
    "wifi_only": {
      "ate": 0.2805019178720304,
      "rpe": 0.01192246190806018,
      "chamfer": 19.098071609985077,
      "map_accuracy": 3.2705530636938214,
      "map_completeness": 34.92559015627633,
      "iou": 0.0
    },
    "lidar_only_A_geometric": {
      "ate": 0.027172956719868756,
      "rpe": 0.014190736061632235,
      "chamfer": 8.669294718416863,
      "map_accuracy": 0.2518168869926427,
      "map_completeness": 17.086772549841083,
      "iou": 0.14859002169197397
    },
    "fused_tight_A_geometric": {
      "ate": 0.2184609142740745,
      "rpe": 0.012128514744354734,
      "chamfer": 8.683486172315524,
      "map_accuracy": 0.2606288161899417,
      "map_completeness": 17.106343528441105,
      "iou": 0.17718715393134
    },
    "fused_loose_A_geometric": {
      "ate": 0.13684771569652313,
      "rpe": 0.009147291043266557,
      "chamfer": 8.633019088717468,
      "map_accuracy": 0.2628543135984971,
      "map_completeness": 17.00318386383644,
      "iou": 0.14826839826839827
    },
    "lidar_only_B_sionna": {
      "ate": 0.8437021924389837,
      "rpe": 0.11557564489079716,
      "chamfer": 3.7511065484200947,
      "map_accuracy": 2.1609753659368964,
      "map_completeness": 5.341237730903293,
      "iou": 0.2621527777777778
    },
    "fused_tight_B_sionna": {
      "ate": 0.17520604211820193,
      "rpe": 0.012217248180720919,
      "chamfer": 3.6277055207021984,
      "map_accuracy": 1.8928333689521177,
      "map_completeness": 5.362577672452279,
      "iou": 0.3088803088803089
    },
    "fused_loose_B_sionna": {
      "ate": 0.3384699656836344,
      "rpe": 0.0578955085079164,
      "chamfer": 3.7511400378918847,
      "map_accuracy": 2.162293154176513,
      "map_completeness": 5.339986921607257,
      "iou": 0.2616984402079723
    }
  }
}
