{
  "controlled_wall": {
    "ate": 0.10199684372641235,
    "rpe": 0.029545293729550046,
    "chamfer": 0.2090280613830892,
    "map_accuracy": 0.2497787641100549,
    "map_completeness": 0.16827735865612348,
    "iou": 0.9767441860465116
  },
  "street_canyon": {
    "ate": 0.026466859268867955,
    "rpe": 0.01736029743172321,
    "chamfer": 8.674252317948087,
    "map_accuracy": 0.25101888988573307,
    "map_completeness": 17.09748574601044,
    "iou": 0.1628415300546448
  }
}
