{
  "controlled_wall": {
    "ate": 0.482792204289143,
    "rpe": 0.054857750212034075,
    "chamfer": 0.18694140139730114,
    "map_accuracy": 0.250973495723149,
    "map_completeness": 0.12290930707145328,
    "iou": 1.0
  },
  "street_canyon": {
    "ate": 0.8571201559148801,
    "rpe": 0.11696687067090218,
    "chamfer": 3.734090472437597,
    "map_accuracy": 2.1245287028183935,
    "map_completeness": 5.343652242056801,
    "iou": 0.2612847222222222
  }
}
