{
  "controlled_wall": {
    "oracle": {
      "ate": {
        "mean": 0.049223365731203936,
        "std": 0.027350745196079967
      },
      "rpe": {
        "mean": 0.007608406542800017,
        "std": 0.00030030537338657297
      },
      "chamfer": {
        "mean": 0.5048450713291335,
        "std": 0.005111160656765982
      },
      "map_accuracy": {
        "mean": 0.248333168918368,
        "std": 0.003424399978999218
      },
      "map_completeness": {
        "mean": 0.7613569737398991,
        "std": 0.00810399949478404
      },
      "iou": {
        "mean": 0.7906976744186046,
        "std": 0.0
      }
    },
    "realistic": {
      "ate": {
        "mean": 0.09751553935575441,
        "std": 0.028461947583188364
      },
      "rpe": {
        "mean": 0.012307868667482251,
        "std": 0.0018214296196255217
      },
      "chamfer": {
        "mean": 5.974343553962462,
        "std": 0.16006969156757597
      },
      "map_accuracy": {
        "mean": 2.4903817160635136,
        "std": 0.45545993784568534
      },
      "map_completeness": {
        "mean": 9.458305391861412,
        "std": 0.6578622463349517
      },
      "iou": {
        "mean": 0.0,
        "std": 0.0
      }
    }
  },
  "street_canyon": {
    "oracle": {
      "ate": {
        "mean": 0.10413119074208584,
        "std": 0.04130197022428307
      },
      "rpe": {
        "mean": 0.007428850731289846,
        "std": 0.00027238188760204485
      },
      "chamfer": {
        "mean": 12.343963109043598,
        "std": 0.03061962381620339
      },
      "map_accuracy": {
        "mean": 0.308951286519675,
        "std": 0.009862647596587469
      },
      "map_completeness": {
        "mean": 24.37897493156752,
        "std": 0.06798251380239767
      },
      "iou": {
        "mean": 0.07686915887850466,
        "std": 0.0004672897196261683
      }
    },
    "realistic": {
      "ate": {
        "mean": 0.3140968220444949,
        "std": 0.050979304178191444
      },
      "rpe": {
        "mean": 0.013976656231376403,
        "std": 0.0009888131254564914
      },
      "chamfer": {
        "mean": 18.086166745804658,
        "std": 1.0361843073393207
      },
      "map_accuracy": {
        "mean": 3.5251092798886576,
        "std": 0.8049465127486116
      },
      "map_completeness": {
        "mean": 32.647224211720655,
        "std": 1.662731922317301
      },
      "iou": {
        "mean": 0.0006993013325849939,
        "std": 0.0005709777934371464
      }
    }
  },
  "_note": "Paper-2's own WiFi results. mean+-std over seeds (42, 1, 2, 3, 4). Regenerated so paper 2 does not depend on the unpublished paper 1.",
  "_seeds": [
    42,
    1,
    2,
    3,
    4
  ]
}
